,,,1,102,-1,100,0,99
cloudflare bikin layanan internet diakses down,-1,,,,,,,
blokir website agc pencuri konten cloudflare firewall bloggerpi,1,,,,,,,
hrdbacot cloudflare down tanggapan ceo usernya,0,,,,,,,
pengguna indi home make cloudflare warp,0,,,,,,,
indihomecare rezzawicaksono indihome area buduran sidoarjo pc ku gabut cloudflare indihome,0,,,,,,,
dampak cloudflare down nomor bikin game favorit eror celebrities dot informasi celeb terkini,-1,,,,,,,
gercepsandi hallo sobat gercep out of the box keris dijadikan suvenir delegasi mas menteri sandiuno sandiaga sandia,1,,,,,,,
gercepsandi hallo sobat gercep mas menteri sandiuno promosikan keris dunia sandiaga sandiagauno sandiuno ger,1,,,,,,,
cloudflare padam ftx perusahaan kripto dilaporkan down,0,,,,,,,
gangguan disebabkan pemadaman jaringan cloudflare,-1,,,,,,,
mengenal cloudfare bikin layanan tumbang aplikasi data center cloud computing cloudflare cloudflaredown,-1,,,,,,,
bllyanos semangat cloudflare down,1,,,,,,,
terpopuler layanan cloudflare dilaporkan mengalami gangguan dampaknya situs dunia terganggu daftarnya,0,,,,,,,
cloudflare jai hindustan,0,,,,,,,
saham_fess swissquote cfd global pakai interactivebrokers komplit ubah settingan chrome dns nya pakai dns cloudflare,0,,,,,,,
promo new member to depo bonus depo bonus depo bonus link referal dftar,0,,,,,,,
restilient cloudflare kemarin down berpengaruh,-1,,,,,,,
dress cakep banget somi uang uang ibra link ep ya jateng is redaksi ive rak txt,1,,,,,,,
daster cantik somi uang uang ibra link ep ya jateng is redaksi ive rak txt kah jak,1,,,,,,,
sandarannya ventela custom,1,,,,,,,
cloudflare down bagamana,0,,,,,,,
th_clarence setahu serverless function nya pakai cloudflare workers,1,,,,,,,
aliifarm butuh serverless functionnyaa wkwkwk cloudflare pages host node app,1,,,,,,,
th_clarence wanjay pindah kah cloudflare pages bang bandwithnya unlimited kayak vercel,-1,,,,,,,
aplikasi website tersedia dunia digital salah aspek butuhkan aw badan eksekutif mahasiswa universitas indonesia she 's politik identitas jatengisred bu mega bunda qatar galaxy,0,,,,,,,
indodax terkait kendala mengakses webiste aplikasi indodax disebabkan ganguan cloudflare,-1,,,,,,,
internet tumbang gara-gara cloudflare down penjelasannya internasional,0,,,,,,,
selepas issue cloudflare kemarin fitur ditunggu product bundling menggabungkan produk penawaran akses kah produk otomatis kah pelanggan transaksinya berhasil,1,,,,,,,
cloudflare bruh plss,0,,,,,,,
mengenal cloudflare bermasalah layanan internet down cloudflare cloudflaredown selularid,-1,,,,,,,
hoki banget kemarin cloudflare down lepas on-call,-1,,,,,,,
kemarin cloudflare atlassian besok gcp,-1,,,,,,,
kemarin cloudflare skrng confluence ikut-ikutan,-1,,,,,,,
tidurmulu down pakai server cloudflare cloudflare down pakai layananya terganggu,-1,,,,,,,
cloudflare bikin layanan internet down kemarin,-1,,,,,,,
cloudflare penyebab website aplikasi diakses,1,,,,,,,
cindooll bacaan bagus postmortem cloudflare omcin ekekekekwkek sopnya oke,1,,,,,,,
cindooll iya posmortemnya hahaha cloudflare,1,,,,,,,
pritazlivy cloudflare slack down kemarin,1,,,,,,,
bocoran slot slotgacor paramaticplay habanero pgsoft maxwin pecintaslot bocoranslot rtpslot rtpalotonline otan dversetoken jakarta hajatan dakwah jalan pagii cloudflare link gacor,0,,,,,,,
prediksi toto gelap prediksisydney prediksisiangapore prediksihongkong bocorantogel bandardarat otan dversetoken jakarta hajatan dakwah jalan pagii cloudflare link gacor,0,,,,,,,
takat jaga keamanan website diorang tawarkan sweet lajukan content website dipaparkan cdn beli kripto website abe cloudflare,-1,,,,,,,
adakalanya benda beli syarikat uruskan leceh so cloudflare centralize operation website akaun uruskan berpuluh website,0,,,,,,,
salah kepentingan cloudflare agensi individu kena uruskan buah website rukun website kena benda nama website domain letak website hosting,0,,,,,,,
cloudflare amal freemium package takde uang langgan servis diorang feature free diorang,0,,,,,,,
kecoh petang semalam sebahagian internet lumpuh sekejap website takleh diakses asyik error trend nama cloudflare pulak cloudflare servis diorang,-1,,,,,,,
hedwigus cloudflare iya impact-nya gede iya cloudflare internet popular,1,,,,,,,
jual netflix murah bergaransi sharing private youtube premium spotify disney hotstar viu apple music go wetv grammarly hbo iqiyi amazon prime video sewa zoom scribd quillbot iflix hulu vsco vpn negara hadir rapimnas partai keadilan sejahtera joko widodo kcon pbnu ibra cloudflare,1,,,,,,,
anvie backend-nya cloudflare pegang,1,,,,,,,
istirahat cloudflare pulih,1,,,,,,,
peningkatan jalan area kenaya desa suka maju kecamatan tanah pinoh jun trend cloudflare tender lelang,0,,,,,,,
pembangunan drainase rw payobasung span class badge badge-warning pengadaan langsung ula jun trend cloudflare tender lelang,0,,,,,,,
peningkatan jalan pekawai desa loka jaya kecamatan tanah pinoh jun trend cloudflare tender lelang,1,,,,,,,
kantong belanja ramah lingkungan ukuran jun trend cloudflare tender lelang,0,,,,,,,
efek cloudflare segininya iya,-1,,,,,,,
indodax dimaklumi cloudflare trouble,1,,,,,,,
normalisasi saluran sungai desa tebas sungai kecamatan tebas kabupaten sambas span class badge badg jun trend cloudflare tender lelang,1,,,,,,,
normalisasi saluran sungai desa tebas kuala kecamatan tebas kabupaten sambas span class badge badge jun trend cloudflare tender lelang,1,,,,,,,
normalisasi saluran sungai dusun sebindang desa rampai kecamatan tebas kabupaten sambas span cla jun trend cloudflare tender lelang,1,,,,,,,
normalisasi saluran sungai desa sungai kelambu kecamatan tebas kabupaten sambas span class badge jun trend cloudflare tender lelang,0,,,,,,,
normalisasi saluran sungai desa dungun perapakan kecamatan tebas kabupaten sambas span class badge badge jun trend cloudflare tender lelang,0,,,,,,,
pengadaan pemeliharaan kendaraan bermotor satpal jun trend cloudflare tender lelang,0,,,,,,,
eno_bening discord valorant genshin cloudflare down services down kah,0,,,,,,,
newsplus today website game dunia selasa sulit diakses usut usut layanan cloudflare web security proxy penghubung website member tumbang,0,,,,,,,
rca nya gerak cepat keren,1,,,,,,,
mvthm cloudflare down bikin trakteer diakses platform kena imbas npm js discord shopif,-1,,,,,,,
aatukangsampah kejadian pressurenya gede banget terikat klien keinget be me bikin semifinal imp,-1,,,,,,,
mildandaru alasan web dibuka cloudflare down,1,,,,,,,
lumosh hazel tableware set lInK tag mafia hukum kalsel baekhyun txt kah jakarta cloudflare yusuf mansur,0,,,,,,,
zaqsta airaniiofifteen cloudflare down down,-1,,,,,,,
cloudflare layanan internet down,-1,,,,,,,
menangani servernya cloudflare,1,,,,,,,
mokiatsu loh cloudflare forward kesini,1,,,,,,,
backend-nya cloudflare pegang,1,,,,,,,
jual netflix bergaransi sharing private youtube premium spotify disney hotstar apple music go grammarly hbo iqiyi amazon prime video sewa zoom scribd quillbot iflix hulu vsco max negara hadir joko widodo rapimnas partai keadilan sejahtera yuji individu pbnu ibra bu puan cloudflare,0,,,,,,,
bayangin network segede dunia outage datacenters benerinnya jam,0,,,,,,,
ecommurz berpengaruh sih kah dns cloudflare ngerasa lemah otak sih fine fine,0,,,,,,,
wwkwk pantesan kerjaan cloudflare down mantap,0,,,,,,,
hp lancar pakai private dns cloudflare ketimbang dns bawaan gausah pakai vpn bla bla akses situs blokir,1,,,,,,,
sebentar private dns cloudflare b.yu lemah otak yaa,-1,,,,,,,
duchessofdepok awkwkwkwkwk kantor pakai cloudflare,1,,,,,,,
tag ibra bu puan gaske solo cloudflare anies chatamara yusuf mansur selamat ulang uang uang,0,,,,,,,
promo new member to depo bonus depo bonus depo bonus link referal dftar klaim bonus wa cs aniesgaskesolocloudflarer es rs,0,,,,,,,
hoo pantesan jam siang server error,1,,,,,,,
ikat pinggang nylon canvas link spaylater cod gratis ongkos kirim garansi shopee mixue ollie ibra partai demokrasi Indonesia perjuangan pbnu kuki petugas depok ku coin cloudflare uang argentina semoga moana mr sunshine lysn nabung anies bu halus individu maju kai,1,,,,,,,
vokraf min cloudflare error terima kasih for the response tho,-1,,,,,,,
codingfess cloudflare gojek sih server ngirim barang traffic kah penerima user anterin direct conn pakai party cf pakai fitur cdn dns manager server down siang eh cf,1,,,,,,,
owalah awakmu sing oglangan tho tiwase dino ngristati server,0,,,,,,,
funinvt_id cloudflare bermasalah,-1,,,,,,,
dress cakep banget somi uang uang ibra link ep ya jateng is redaksi ive rak txt kah jakarta sore cloudflare depok seungcheol pbnu balesin gaby,0,,,,,,,
oalah cloudflare down iya kayaknya down panik kantor service make wkwkwk,-1,,,,,,,
ecommurz cloudflare siap-siap resesi duluan eta mah hahaha,-1,,,,,,,
cloudflare dilaporkan tumbang siang laporan mengalami kesulitan akses situs web dns game akses file,-1,,,,,,,
daster cantik somi uang uang ibra link ep ya jateng is redaksi ive rak txt kah jakarta sore cloudflare depok seungcheol pbnu balesin gaby,0,,,,,,,
amanz web menghadapi diakses disebabkan cloudflare,1,,,,,,,
incident cloudflare cloudflaredown,1,,,,,,,
hoshizaruyoo asli sih rese client bikin apss nya pakai cloudflare eror stress seharian,-1,,,,,,,
awkoakwowko akrobat mental grgr down,0,,,,,,,
pntesan seharian kantor kaya orgil sistem muter melulu,-1,,,,,,,
settle,1,,,,,,,
error cloudflare pulih,1,,,,,,,
bikin panik siang tertawa,1,,,,,,,
website salah korban gangguan infrastruktur awan cloudflare sistem flux fix this web,-1,,,,,,,
cloudflare layanan internet down kingdom taurus news apaitu cloudflare cloudflare,-1,,,,,,,
hrdbacot kerja aplikasi berbasis cloudflare istirahat tidur siang,-1,,,,,,,
cloudflare tumbang web aplikasi down berjamaah via gizmologi,-1,,,,,,,
hallo sobat gercep mas menteri sandiuno promosikan keris dunia sandiaga sandiagauno sandiuno gercep keris selasa malam cloudflare,0,,,,,,,
hallo sobat gercep out of the box keris dijadikan suvenir delegasi mas menteri sandiuno sandiaga sandiagauno sandiuno gercep keris selasa malam cloudflare,0,,,,,,,
oh penyebabnya,1,,,,,,,
ahmad_di cloudflare kudungan gann meresahkan,-1,,,,,,,
cloudflare direkturcrypto goro iki slur mou,1,,,,,,,
cloudflare tumbang web aplikasi down berjamaah,-1,,,,,,,
bluehost cloudflare related ,1,,,,,,,
fauzanlinnas gehu cloudflare mayan ngena kemana wkwkwk,1,,,,,,,
ventela custom somi uang uang ibra link ep ya jateng is redaksi ive rak txt kah jakarta sore cloudflare depok seungcheol pbnu balesin gaby,1,,,,,,,
gilaa selasa sore cloudflare shinobu tambun depok mixue ice bsd uang uang ibra kazuha penelitian dan pengembangan kompas karno ir joko widodo abon sapi original,-1,,,,,,,
mengerikan racun air liur komodo selasa sore cloudflare shinobu tambun depok mixue ice bsd uang uang ibra kazuha penelitian dan pengembangan kompas karno ir joko widodo abon sapi original,0,,,,,,,
bbleventeen yea tertawa down sore systemny gara-gara cloudflare down think,1,,,,,,,
kumparan cloudflare down banya website aplikasi down rabu siang kumparan,-1,,,,,,,
si bikin gonjang ganjing dunia perwebsite-an,0,,,,,,,
isikepalatama cloudflare down iya,0,,,,,,,
argagak services down cloudflare down,0,,,,,,,
cloudflare major outtage regex dampaknya gg,0,,,,,,,
mikir indihum bermasalah,-1,,,,,,,
gangguan cloudflare cf juni siang bahasan utama group media online clouldflare gangguan clould,-1,,,,,,,
gangguan cloudflare juni siang bahasan utama group media online tampilan headline media online nasional,1,,,,,,,
omdennis cloudflare sebenernya bagus dns management ipfs server support apps pakai cloudflare sayangnya terdecentralize kedepan inovasi sih,1,,,,,,,
beli cloudflare lumayan return hbs langsung jual,1,,,,,,,
deepl based on cloudflare,-1,,,,,,,
cloudflare outage notion monday gerak wkwkwk,0,,,,,,,
canva siang diakses gara-gara cloudflare down bikin tegang presentasi pakai canva beruntungnya diakses giliran presentasi tertawa,-1,,,,,,,
cloudflare down disalahin web nya diakses hadeh,-1,,,,,,,
jasa konsultan pengawasan bedah upi skala jun trend cloudflare tender lelang,0,,,,,,,
belanja pemeliharaan rutin badan kapal batam jun trend cloudflare tender lelang,0,,,,,,,
oh cloudflare down,0,,,,,,,
pembangunan kolam bak pemijahan induk calon induk larva tandon dak ibiap guntung jun trend cloudflare tender lelang,0,,,,,,,
cloudflare down migrate server piloting project,0,,,,,,,
perencanaan pembangunan areal hutan kota bagansiapiapi paket jun trend cloudflare tender lelang,0,,,,,,,
kxwibisono cloudflare taii,-1,,,,,,,
cloudflare pantesan,1,,,,,,,
detikcom layanan cloudflare dilaporkan mengalami gangguan dampaknya situs dunia terganggu daftarnya,-1,,,,,,,
detikinet layanan cloudflare dilaporkan mengalami gangguan dampaknya situs dunia terganggu daftarny,-1,,,,,,,
layanan cloudflare dilaporkan mengalami gangguan dampaknya situs dunia terganggu kena dampaknya,-1,,,,,,,
jasa konsultan pengawasan kolam bak pemijahan induk calon induk larva tandon dak jun trend cloudflare tender lelang,1,,,,,,,
omdennis objktcom cloudflare gangguan om website akses,1,,,,,,,
belanja jasa konsultan pengawasan rehabilitasi bangunan gedung kantor uptd wilayah jun trend cloudflare tender lelang,1,,,,,,,
cloudflare bayar listrik kali ituu tadii,-1,,,,,,,
indrapr cloudflare marah layanannya,-1,,,,,,,
mrongdedy apa-apa bangun tau-tau trend cloudflare,0,,,,,,,
selasa siang situs populer diakses warganet sore terdampak discord layanan hosting cloudflare selengkapnya serverdown teknologi,1,,,,,,,
eno_bening cloudflare perusahaan 'cyber security memilah data masuk kah server perusahaan kliennya cloudflare perusahaan penyedia satuan pengamanan pelanggan toko bank satpamnya mogok kerja otomatis tutup jagain,1,,,,,,,
layanan cloudflare dilaporkan mengalami gangguan dampaknya situs dunia terganggu daftarnya,-1,,,,,,,
cloudflare down berdampak discord valorant dan kawan-kawan tumbang daftarnya,-1,,,,,,,
cloudflare oh kelakuan mu,1,,,,,,,
panik cloudflare ngedown pas agi bawa laptop,-1,,,,,,,
pembangunan talud pembatas rumah dinas pkm poleang jun trend cloudflare tender lelang,0,,,,,,,
apps mybluebird pakai cloudflare iya nyangkut trip telepon cs statusnya selesai tripnya meh,1,,,,,,,
habis cloudflare error skrng fix eh streaming donathon kena mati listrik komplek,-1,,,,,,,
eno_bening cloudflare bahasa manusianya gangguan teknis bahasa non hooman you wo n't understand do n't either,0,,,,,,,
bahaha cloudflare modyarr discord web internal kerjaan ikutan down untung cepat solvingnya,1,,,,,,,
cloudflare mengirimkan shopee pay ayo ambil habis,0,,,,,,,
gara-gara cloudflare down berdampak kah discord valorant dan kawan-kawan hahaha,0,,,,,,,
emak-emak doakan anies baswedan presiden uang beli beras modus sick sick lebih baik jujur gitu hidup emak-emak oligarki sang haji ketua tersangka negara otoriter pbnu sore uang uang cloudflare discord penelitian dan pengembangan kompas,0,,,,,,,
penyebab bot soccerguru,1,,,,,,,
kejadian pressurenya gede banget terikat klien keinget be me bikin semifinal impact pakai realtime comm via socket pertengahan lomba reset salah diimplementasiin nekat kodein on-the-go,-1,,,,,,,
emaksandiuno hallo perjuangan fans bertemu mas menteri sandiuno sandiagauno sandiuno teman-teman selasa sore cloudf,1,,,,,,,
rendybjunior cloudflare fastly,1,,,,,,,
guyssandiuno hallo teman-teman keseruan umkm hebat apresiasi kreasi indonesia sandiuno sandiagauno sandiuno teman-teman selasa so,0,,,,,,,
anggotasrikandi tokopedia internet global gangguan utamanya pakai fiber internet awas cloudflare google tokped jalan gcp,0,,,,,,,
eno_bening cloudflare apex down,-1,,,,,,,
technologueid cloudflare down sebabkan website gagal akses discord cloudflare cloudflaredown omegle crunchyroll zerodha,1,,,,,,,
ikan nya kebanyakan berenang kah permukaan kolam mudah pancing sayang raja event raja slotgacor slotgacorhariini koigate slotmaxwin maxwin habanero mixue ice bsd ir jateng is redaksi link ep oligarki sang haji sore cloudflare penelitian dan pengembangan kompas ibra,0,,,,,,,
tinggal cloudflare,1,,,,,,,
madmedmad kupikir cloudflare diban ispku mati,1,,,,,,,
terkait kendala mengakses webiste aplikasi indodax disebabkan ganguan cloudflare layanan web security proxy menghubungkan website member diakses salam indodax,1,,,,,,,
anabul cat choize adult tuna makanan kucing cat choize gede rasa for tag tambun mixue moana cewek sore cloudflare jatengis blue cats,0,,,,,,,
eno_bening cloudflare akses down make cloudflare,1,,,,,,,
cloudflare memaklumkan selesai dibaiki pulih sepenuhnya,1,,,,,,,
hallo perjuangan fans bertemu mas menteri sandiuno sandiagauno sandiuno teman-teman selasa sore cloudflare cloudflaredown,0,,,,,,,
hallo teman-teman keseruan umkm hebat apresiasi kreasi indonesia sandiuno sandiagauno sandiuno teman-teman selasa sore cloudflare cloudflaredown,0,,,,,,,
cloudflare uwu wait for wiwus uwu,0,,,,,,,
rendybjunior cloudflare adik facto the internet,0,,,,,,,
cloudflare teknikal laman web diakses,0,,,,,,,
mesti bersyukur boy terkena dampak cloudflare,1,,,,,,,
zaman akses sosial media sekejap sahaja hilang arah hidup,1,,,,,,,
cloudflare adik facto the internet,1,,,,,,,
zulfarauj situs internet down barengan rata-rata cloudflare service proxy mantan awas discord dan lain-lain jail sukses jam sukurnya partially fixed stabil down,-1,,,,,,,
setuju sih berlakukan pajak karbon kedepannya mengurangi polusi udara menjadikan ekonomi hijau discord ive rak ya airlangga hartarto cloudflare reno shopee txt kah jakarta,0,,,,,,,
semangat partai buruh berjuang berjuang berdaulat cloudflare,0,,,,,,,
cloudflare gangguan ramai diperbincangkan gambaran pekerjaan support instansi kantor layanan aman tapu bermasalah dicari seantero dunia,1,,,,,,,
ahmdalfan tertawa fan cloudflare down intern kayanya sih xd,1,,,,,,,
indihum ane hubungannya outage cloudflare,1,,,,,,,
gambaran web cloudflare web server website,1,,,,,,,
downtime po cek slack sih wkwkwk ameericano icecoffest,1,,,,,,,
pelabur_bijak website apps down punca nya cloudflare,1,,,,,,,
sebagai informasi cloudflare berperan penghubung server website pengunjung orang tertarik cloudflare menjadikan loading website cepat meningkatkan keamanan website,1,,,,,,,
cloudflare bikin layanan internet down,-1,,,,,,,
imrenagi kerja dibidang digital keren mati kutu services pakai cloudflare down walhasil kerjaan idle nungguin up,-1,,,,,,,
cloudflare down siang ketar-ketir tertawa,-1,,,,,,,
pantesan pakai cloudflare warp mati koneksinya,1,,,,,,,
layanan internet dilaporkan mengalami gangguan siang akibat server cloudflare penjelasannya,0,,,,,,,
game besutan riot games api cloudflare dilaporkan bermasalah pemain melaporkan kesulitan masuk kah game,-1,,,,,,,
fandikaokdiba antdesignui cloudflare issue down pakai cf,1,,,,,,,
alami teknikal laman web gagal diakses disebabkan cloudflare,-1,,,,,,,
iwearamicrowave nyusahin cloudflare ckckc,-1,,,,,,,
ecommurz cloudflare mati jam iya,0,,,,,,,
infrastructure cloudflare mati down pengguna servis customer berdampak down,-1,,,,,,,
pantesan mydramalist error,-1,,,,,,,
waah,1,,,,,,,
cloudflare menyediakan solusi it services tingkat network nahas network amerika serikat service aplikasi saas software amerika serikat service berskala global servis cloudflare bergantung infrastructure cloudflare,1,,,,,,,
txtdaritekdi membiarkan ratusan kecoa dibebaskan berkeliaran rumahmu uang dolar amerika serikat setara,0,,,,,,,
cloudflare down kabar developer disuruh ngopi,-1,,,,,,,
yah cloudflare down daritadi pagi aneh vps,-1,,,,,,,
cloudflare error layanan populer dunia padam,-1,,,,,,,
server singapore mati pet sir tratap piye aduh le maintenis cloudflare mati,1,,,,,,,
rinaiagstn menyambut hut jakarta pemerintah provinsi daerah khusus ibukota gratiskan kunjungan museum juni uang uang txt kah jakarta yusuf,1,,,,,,,
cloudflare bikin jantungan coy,0,,,,,,,
eno_bening cloudflare pantesan anjirr,0,,,,,,,
aria_ghora keberadaannya ketiadaannya orang kehilangan teman laya,0,,,,,,,
halfsideofmee wkwkw baca manga dan kawan-kawan kasian admin diamuk down cloudflare dc,-1,,,,,,,
txtdaritekdi handphone melewati transformasi perubahan desain hp beragam menyesuaik,1,,,,,,,
wkwkw baca manga dan kawan-kawan kasian admin diamuk down cloudflare dc,1,,,,,,,
seorangsora cloudflare down internet down da okay,1,,,,,,,
main prsk pakai dns cloudflare mati lampu,0,,,,,,,
eno_bening biar kena ddos traffic lewatin cloudflare dilanjutin kah server,0,,,,,,,
pantes buka website cloudflare down di-resolve sih,-1,,,,,,,
hoo kirain internet kantor busuks cloudflare down pulang,-1,,,,,,,
bikin susah trouble google cloudflare,-1,,,,,,,
ezash penyebab errornya cloudflare down kayaknya pakai servicenya clouflare ikutan down,0,,,,,,,
untung menjauh cloudflare trouble indihum,-1,,,,,,,
sejujurnya susah jelasin cloudflare hubungannya mati internet bantu jelasin penjahat kelamin bahasa manusia,-1,,,,,,,
yak panik cloudflare ,1,,,,,,,
heran cloudflare sebenernya ,1,,,,,,,
airaniiofifteen cloudflare down pantes buka website bad nginx,-1,,,,,,,
menyambut hut jakarta pemerintah provinsi daerah khusus ibukota gratiskan kunjungan museum juni uang uang txt kah jakarta yusuf mansur siwon ibra cloudflare st reno shopee rayakan jokowi,0,,,,,,,
setuju sih pajaknya pabrik-pabrik memiliki karbon memicu polusi udara pencemaran lingkungan reno shopee ive rak st airlangga hartarto txt kah jakarta cloudflare kerja indonesia discord,0,,,,,,,
efek cloudflare outage meeting dadakan jelasin kah client,-1,,,,,,,
ecommurz kebayang cloudflare eh beneran,1,,,,,,,
yabathehutt pakai cloudflare discord tertawa,1,,,,,,,
hemm namanya flare kebakar,0,,,,,,,
pantes service server down cloudflare eror,-1,,,,,,,
codingfess mainly ddos protection website serang cloudflare nangkal sebentar kah vps hosting,-1,,,,,,,
cloudflare tolong cloud engineer event mandalika,-1,,,,,,,
handphone melewati transformasi perubahan desain hp beragam menyesuaikan fitur mumpuni discord yusuf mansur mixue cloudflare,1,,,,,,,
petakopi_my down cloudflare cf cf down menyebabkan pelbagai website,-1,,,,,,,
semangat terima kasih rehat wkwkw,1,,,,,,,
cloudflare down sebabkan website gagal akses discord cloudflare cloudflaredown omegle crunchyroll zerodha feedly door dash medium.com,0,,,,,,,
niagahoster selamat siang hoster people menginformasikan cloudflare mengalami kendala web,0,,,,,,,
terganggu menyebabkan situs-situs memakai layanan terkena dampaknya website anime masuk layanan cloudflare terdampak ketahui situs crunchyroll livechart me anime corner,1,,,,,,,
ramai dibicarakan sosial media situs-situs dunia mengalami down diakses pengguna discord steam patreon vr chat trakteer diakibatkan layanan cloudflare,1,,,,,,,
kali indihomenya cloudflare,1,,,,,,,
freiya_n rinpon error cloudflare discord nya,-1,,,,,,,
mojokdotco cloudflare temennya anak it disamperin pas install ulang windows,0,,,,,,,
data center cloudflare down dunia pakai nsnya panik website barusan down email ramai notifnya,1,,,,,,,
soyacincaubm ramai akses laman web penyelesaian jangka pendek hotspot talian muda,1,,,,,,,
cloudflare down tanggapan ceo usernya,0,,,,,,,
stockbit partner cdn cloudflare mengalami gangguan indonesia mengakibatkan gangguan layanan ,-1,,,,,,,
hidden repliesnya lucu-lucu,1,,,,,,,
kaget server client down auto spaneng gopo cloudflare down tertawa,1,,,,,,,
airaniiofifteen cloudflare down akses benerin,-1,,,,,,,
terbiasa pakai vpn cloudflare akses internet cloudflare down tidak bisa akses internet,-1,,,,,,,
kompascom tumbangnya cloudflare berimbas layanan website aplikasi api-nya salah satunya,-1,,,,,,,
jutaan dolar menguap detik,0,,,,,,,
hoshiokazoete iya,0,,,,,,,
telpon pelanggan websitenya buka maslahnya ngalamin ayo komen hehehe cloudflare cloudflaredown,-1,,,,,,,
tumbangnya cloudflare berimbas layanan website aplikasi api-nya salah satunya discord,-1,,,,,,,
ezash efek cloudflare deh bang kerjaan terbengkalai,-1,,,,,,,
xephemeral cloudflare nya down discord down,-1,,,,,,,
southeast cloudflare us iya,1,,,,,,,
penyebabnya cloudflare down banget service disana,-1,,,,,,,
cloudflare server down kiro config coid kabeh user gaisa ,-1,,,,,,,
eno_bening cloudflare barusan main ml pakai discord,1,,,,,,,
kapitalisma,0,,,,,,,
andry_setyoso hai kak mohon maaf ketidaknyaman cloudflare mengalami kendala website layanan website niagahoster diakses penyedia jaringan internet,0,,,,,,,
cloudflare downkerjaan terganggu automation,-1,,,,,,,
untung down pas off tertawa,-1,,,,,,,
andsp khafid_gunawan hai kak mohon maaf ketidaknyaman cloudflare mengalami kendala website layanan website niagahoster diakses penyedia jaringan internet,0,,,,,,,
wiwin_teja hai kak mohon maaf ketidaknyaman cloudflare mengalami kendala website layanan website niagahoster diakses penyedia jaringan internet,0,,,,,,,
event organizer eo pengertian peran tugas singkat koalisi rakyat rapimnas partai keadilan sejahtera reno shopee st ive rak kuizapshow kinn porsche cloudflare txt kah jakarta selamat ulang,0,,,,,,,
oo lightnovelku tidak bisa diakses dimana cloudflare,-1,,,,,,,
sjn_srs denyryzk hai kak mohon maaf ketidaknyaman cloudflare mengalami kendala website layanan website niagahoster diakses penyedia jaringan internet,0,,,,,,,
khafid_gunawan hai kak mohon maaf ketidaknyaman cloudflare mengalami kendala website layanan website niagahoster diakses penyedia jaringan internet,0,,,,,,,
imrenagi kirain error cloudflare,0,,,,,,,
cloudflare tumbang situs web kesulitan diakses analisa aceh,-1,,,,,,,
kebayang gilfoyle ngipasin server garasi,-1,,,,,,,
paimonfess servernya cloudflare down untung daily,-1,,,,,,,
mironal cloudflare nomor wikipedia ww,0,,,,,,,
ngedown kah cloudflare,0,,,,,,,
eno_bening cloudflare iya oy enak diskusi discord error,-1,,,,,,,
miitprogrammer hai kak mohon maaf ketidaknyaman cloudflare mengalami kendala website layanan website niagahoster diakses penyedia jaringan internet,1,,,,,,,
kalinya seumur hidup ngalamin cloudflare down pakai,-1,,,,,,,
membiarkan ratusan kecoa dibebaskan berkeliaran rumahmu uang dolar amerika serikat setara juta rupiah membantu penelitian yusuf mansur discord cloudflare uang uang ice bsd,0,,,,,,,
duniaku_com website akses dibuka,1,,,,,,,
website akses dibuka,1,,,,,,,
eno_bening cloudflare ah pantes kaget error konek pas menyelam kedalaman internet,-1,,,,,,,
pantes daritadi buka elearning ibm,-1,,,,,,,
eno_bening cloudflare silahkan pantau,0,,,,,,,
buruan dibenerin masee,-1,,,,,,,
yapp penjelasan logis bagus sih airlangga hartarto wartawan reno shopee ive rak cloudflare airlangga hartarto txt kah jakarta selamat ulang,0,,,,,,,
cloudflare nomor wikipedia ww,0,,,,,,,
solitura iyaa cloudflare down anjing tertawa,-1,,,,,,,
serverdown website down dunia bersumber cloudflare,,,,,,,,
yusuf mansur ice bsd uang uang oligarki sang haji negara otoriter siang txt kah jakarta cloudflare,,,,,,,,
eno_bening cloudflare sih down,,,,,,,,
oalah pantes,,,,,,,,
eno_bening cloudflare fix bang main valo,,,,,,,,
discord valorant genshin cloudflare down services down kerasa kaya internet dunia lumpuh banget platform services,,,,,,,,
website aplikasi down diakses selasa siang juni gangguan cloudfare kumparan,,,,,,,,
ios memudahkan melewati verifikasi captcha apple phone pad captcha cloudflare automatic verification flastly,,,,,,,,
si nambah nambahi penggawean cloudflare,,,,,,,,
mangat bang,,,,,,,,
denyryzk adinegaraa selamat siang hoster people menginformasikan cloudflare mengalami kendala website layanan website niagahoster diakses penyedia jaringan internet,,,,,,,,
bantal rak gantungan baju dinding meja rias rak dinding uang uang discord cloudflare rabu siang yusuf mansur ive rak link ep,,,,,,,,
oalah pantesan,,,,,,,,
penyebab,,,,,,,,
adibkhld nuyulhuda cloudflare intermittent fail,,,,,,,,
oohh pantesan,,,,,,,,
pantesan anjing baca novel online webnya down,,,,,,,,
toegiono kayaknya penyebabnya om,,,,,,,,
selamat siang hoster people menginformasikan cloudflare mengalami kendala website layanan website niagahoster diakses penyedia jaringan internet,,,,,,,,
chrono_joe zarazettirazr website pakai cloudflare error makai aman,,,,,,,,
cloudflare tidur kah goa,,,,,,,,
genshin ikutan kena efek cloudflare down kah,,,,,,,,
website down dunia bersumber cloudflare,,,,,,,,
penyebab ngedown nya situs aplikasi game semoga diatasi,,,,,,,,
oalah patut,,,,,,,,
showwcaseid kirain internetku cari ulah cloudflare,,,,,,,,
buset untung pas banget kelar kerja massive downtime,,,,,,,,
baca manga eta mah loading,,,,,,,,
cloudflare siang kelakuannya kayak dibaca orang sunda,,,,,,,,
kerjaan cukk,,,,,,,,
konon pengguna indoho terkena dampak,,,,,,,,
web berhubungan cloudflare mesti down tertawa,,,,,,,,
ketemu mantan rabu ajak vcs kocokin kontol lonte video full video porno skandal cewek lonte mesum indonesia viral cloudflare down klik linknya komentar tweet tik tok viral video tik tok,,,,,,,,
rikahanachan few minutes ago cloudflare was down but the issue has been resolved minit cloudflare berfungsi isu diselesaikan,,,,,,,,
sedih error kerja ,,,,,,,,
pantesan buka gede rasa ndr,,,,,,,,
seharian biar liburan omm,,,,,,,,
hadeuuh cloudflare indodax saham kenapah,,,,,,,,
iya indonesia us brasil rusia india populer serang cloudflare,,,,,,,,
cloudflare sekantor istirahat kerja tertawa bagus job,,,,,,,,
cloudflare down pantes discord rada down wkwkwk,,,,,,,,
yep cloudflare gangguan server server kena dampaknya wkwkwkwkw,,,,,,,,
toryatei cloudflare ngedown web dunia ngedown,,,,,,,,
bilang cloudflare ngetren serangan ddos bikin down,,,,,,,,
mantul down cloudflare down,,,,,,,,
cloudflare down website diakses berbage negara jeh langsung beres menit cobak website pelat merah butuh iya,,,,,,,,
collegemenfess pakai cloudflare cloudflare error iya nder,,,,,,,,
kybernetwork cloudflare tersesat min,,,,,,,,
loh cloudflare down tidak apa-apa si biar gabut tertawa,,,,,,,,
ikibukansarden tertawa cen okeh web nggo cloudflare,,,,,,,,
absinthevii cloudflare iya,,,,,,,,
korang surf internet korang pakai dns cloudflare,,,,,,,,
cloudflare down seperempat rutinitas dunia terganggu wkwkwkkw,,,,,,,,
santai sih banget,,,,,,,,
ugm_fess alasan web error,,,,,,,,
cloudflare down,,,,,,,,
ch_xyn cloudflare ohh,,,,,,,,
tepatnya servicenya jalan situlah segalah dimuntahkan ndilalah twitter kena efek network cloudflare,,,,,,,,
intinya cloudflare kaya layanan server web kaya discord dan lain-lain gangguan kelar layanannya nayala,,,,,,,,
dejantung digital ocean down cloudflare,,,,,,,,
cloudflare down akses kah web client web mengalami gangguan mitigasi diusahakan,,,,,,,,
kagum orang cloudflare nyampe menit ketemu langsung difix,,,,,,,,
cloudflare membadut,,,,,,,,
oalaahh,,,,,,,,
cloudflare down banya website aplikasi down rabu siang kumparan,,,,,,,,
bank jago down app banking pakai cloudflare,,,,,,,,
jamesivings cloudflare dahka,,,,,,,,
cloudflare goyang jam jam kritis,,,,,,,,
abehedly server cloudflare down hosting pakai kena dampak Cuma krna qwords pakai alhasil berdendang deh,,,,,,,,
cloudflare pantesan saltedcubone dikick langganan ente tertawa,,,,,,,,
launch campaign new funnel server down punca cloudflare,,,,,,,,
cloudflare baiklah,,,,,,,,
oh cloudflare error semep reset modem ,,,,,,,,
cloudflare trend kat malaysia takde sorang pasal,,,,,,,,
pengunjung pengguna situs aplikasi bersabar tidur siang induk cdn dipakai tumbang akses lambat,,,,,,,,
wakakak down cloudflare enak marahin indihome sih iya,,,,,,,,
cloudflare down terdampak,,,,,,,,
oh cloudflare berulah,,,,,,,,
web bertumbangan,,,,,,,,
bagusfarisa cloudflare tertawa,,,,,,,,
trashofcoder hp pc pasang cloudflare sumbernya situ alias kudet,,,,,,,,
buka nhen tertawa,,,,,,,,
cloudflare down menit hosting berbasis nginx ngomong-ngomong nginx dibaca engine iya ngings,,,,,,,,
oh cloudflare ssh,,,,,,,,
cloudflare pegawai magang,,,,,,,,
aria_ghora parah sih menit kerugian pakai cloudflare terlambat auto rugi gede,,,,,,,,
keberadaannya ketiadaannya orang kehilangan teman layanan cloudflare,,,,,,,,
cloudflare down malas fikir,,,,,,,,
server cloudflare down hosting pakai kena dampak Cuma krna qwords pakai alhasil berdendang deh web borneo down Cuma web storenya kena web klub web store beda hosting,,,,,,,,
anjing cloudflare error wkwkwkw asyik kerja,,,,,,,,
cloudflare mega ratio,,,,,,,,
allegiancerose wisnu kawan kawan bagamana min nasibnya,,,,,,,,
butuh rara nya,,,,,,,,
shundaei cloudflare down intetrnet dunia down wkkw,,,,,,,,
cloudflare perangai air selangor,,,,,,,,
development mengandalkan ssl cloudflare,,,,,,,,
pantesan down server,,,,,,,,
owalah pantes akeh sek raiso diakses cloudflare down,,,,,,,,
cloudflare butuh cuti gaes,,,,,,,,
collegemenfess mohon bersabar iya gaes berhubung canva pakai dns proxy cloudflare cloudflare kena serangan ddos website pakai cloudflare diakses,,,,,,,,
production bunyi cloudflare down,,,,,,,,
gila cok cloudflare down bank down transaksi debit online visa mastercard tidak bisa kaco,,,,,,,,
gaungan suara masyarakat airlangga maju capres menguat keras banget yak koalisi rakyat ive rak ya cloudflare txt kah jakarta airlangga hartarto kerja indonesia,,,,,,,,
ketahuan,,,,,,,,
down iya min cloudflare balek cepat banget baleknya tertawa,,,,,,,,
istringstream web pakai cdn cloudflare kena iya,,,,,,,,
cloudflare gangguan servicenya langsung bermasalah,,,,,,,,
okay normal on my side cloudflare,,,,,,,,
ramai akses laman web penyelesaian jangka pendek hotspot talian mudah alih melayari laman web,,,,,,,,
barcelonabryan azkavvb kayaknya kena mas cloudflare,,,,,,,,
yep cloudflare ngedown buka web discord,,,,,,,,
codingfess bantu koreksi salah cloudflare sederhananya dipake manage host domain subdomain pakai fitur full strict dns get proxy down kena impact down nya si cf siang sih sederhananya krg,,,,,,,,
cloudflare mengacaukan wkwkw,,,,,,,,
down cloudflare cf cf down menyebabkan pelbagai website utama kat dunia diakses status terbaru rujuk jarang berlaku berlaku,,,,,,,,
cloudflare biang keroknya,,,,,,,,
presentasi tgs cloudflare down,,,,,,,,
ericsysmin cloudflare ctrl+u,,,,,,,,
kemarin jaringan cloudflare bermasalah project lebih baik bobo siang,,,,,,,,
cho_ro dichat cloudflare down iya chat chatan via udemy,,,,,,,,
lahh up engineernya cloudflare,,,,,,,,
hiks semoga cpt,,,,,,,,
bikin panik web down error issue cloudflare,,,,,,,,
iseh error lur,,,,,,,,
mpujanggaa maaf dunia down down salah pengguna website menjenguk status,,,,,,,,
menit menggentarkan jagat,,,,,,,,
beneran beres manteb engineer-nya cloudflare,,,,,,,,
cloudflare down kayanya aplikasi website down serentak game riot discord situs down,,,,,,,,
kaget web down kabeh nginx tertawa buka twitter langsung disambut trend cloudflare marai hdeh darani pcku o_o,,,,,,,,
airaniiofifteen sumber err nya cloudflare makai layanan cloudflare ikutan down,,,,,,,,
ayo ayo semangat cloudflare wkwkwk,,,,,,,,
betaepsilonphi iya error pakai dns cloudflare normal,,,,,,,,
gila cloudflare mati banget site down,,,,,,,,
yehezgun lur pkek api cloudflare wkwkw,,,,,,,,
gaess sadar sihh tidur,,,,,,,,
mufqifathino pakai cloudflare mah error,,,,,,,,
cloudflare down tidur siang duu,,,,,,,,
paimonfess cloudflare error berpengaruh kah genshin,,,,,,,,
kaya error lahat ng mnhwa manga site,,,,,,,,
yeay kerjaan mandeg,,,,,,,,
woi ngeblock cloudflare iya indihome discordan,,,,,,,,
kah indihome cloudflare nya bermasalah lop indihome,,,,,,,,
chrono_joe zarazettirazr contoh pakai cloudflare lancar diakses indonesia,,,,,,,,
ruh-oh,,,,,,,,
arjunamoderat bukak tgk kawan isu cloudflare berkait kot,,,,,,,,
sebentar cloudflare ngetren twitter website pakai cloudflare down,,,,,,,,
brengsek,,,,,,,,
disuruh istirahat kerjanya,,,,,,,,
andsp niagahoster salah cloudflare mas,,,,,,,,
ngidolsinchan iya intinya app pakai server cloudflare diakses,,,,,,,,
eh salah cloudflare niagahoster mohon maaf heuheu,,,,,,,,
midweekanandalu,,,,,,,,
alasan web dibuka cloudflare down,,,,,,,,
cloudflare gangguan server turunannya ikutan,,,,,,,,
pakai cloudflare down iya,,,,,,,,
web menghadapi diakses disebabkan cloudflare,,,,,,,,
iya cloudflare geh sense,,,,,,,,
shundaei amerika cloudflare kena full kena deh tagar,,,,,,,,
cloudflare online downtimenya menit,,,,,,,,
dichat cloudflare down iya chat chatan via udemy,,,,,,,,
terima kasih cloudflare kejutan siang harinya,,,,,,,,
collegemenfess penyebabnya,,,,,,,,
Cuma menit cuy hahah,,,,,,,,
cloudflare outage ngefek anak-anak discord omegle dan lain-lain,,,,,,,,
ges isu cloudflare nya down discord,,,,,,,,
pemakai dns cloudflare mari kah jalur berkah tertawa,,,,,,,,
cloudfare mati isi internet mati tertawa,,,,,,,,
website dunia pakai cloudflare kayak kena ngegangu banget,,,,,,,,
kanameorion iamcontra_ch web pakai layanan cloudflare discord,,,,,,,,
rabihiawaludin eh eh gitlab error cloudflare tertawa,,,,,,,,
amanz amanz sebentar,,,,,,,,
cloudflare langsung website kena iya,,,,,,,,
hadehh,,,,,,,,
lantip wanjrit cloudflare iki,,,,,,,,
akses internet chrome lupa dns-nya ganti cloudflare grgr buka reddit,,,,,,,,
oh cloudflare,,,,,,,,
omen_ajjaa website pakai cloudflare error,,,,,,,,
gitlab down wiwkwkwkww iya cloudflare,,,,,,,,
cloudflare down kayanya website kena impact nya,,,,,,,,
partner cdn cloudflare mengalami gangguan indonesia mengakibatkan gangguan layanan menyelesaikan kendala melanjutkan aktivitas trading mohon maaf ketidaknyamanannya iya stockbitor,,,,,,,,
salah indihome pakai dns cloudflare,,,,,,,,
layanan cloudflare selesai mari melanjutkan pekerjaan,,,,,,,,
ketemu momen cloudflare down,,,,,,,,
oalah cloudflare down,,,,,,,,
dav_m_ib discord tergantung provider dav kyknya cloudflare down,,,,,,,,
ngerjain thank you cloudflare gitlab,,,,,,,,
drruu indihomecare cloudflare indihome,,,,,,,,
haruki_soraa cloudflare nya down discord kena,,,,,,,,
cloudflare down wkwkwk,,,,,,,,
internal server error,,,,,,,,
hmm kacau bang kelautflare benda access,,,,,,,,
lantip he iya wis berjamaah njuk trend cloudflare ses sih om,,,,,,,,
datacenter cloudflare nyabut colokan niatnya numpang nge-charge hp,,,,,,,,
chrono_joe zarazettirazr iya error buka website pakai jasa cloudflare lancar,,,,,,,,
lapar woi,,,,,,,,
web basenya cloudflare kak pantesan buka error,,,,,,,,
cloudflare bermasalah iya it 's always dns,,,,,,,,
cloudflare temennya anak it disamperin pas install ulang windows silaturahmi lho,,,,,,,,
cloudflare down tetep disalahin sekuritasnya efek trust issue nasabah dikecewakan,,,,,,,,
agungagriza stockbit apps pakai cloudflare down,,,,,,,,
cloudflare down bikin trakteer diakses platform kena imbas npm js discord shopify will update the status soon,,,,,,,,
cvrane cloudflare zerodhaonline coinbyzerodha okyy,,,,,,,,
setahun kerja kali cloudflare outage,,,,,,,,
diazhsbllh cloudflare nya down nugas down,,,,,,,,
amanz sebentar,,,,,,,,
cloudflare tim layanan mengatasinya,,,,,,,,
cloudflare down yak,,,,,,,,
cloud flare,,,,,,,,
jsavigny kena cloudflare outage wkwkwk,,,,,,,,
megumdie server cloudflare down game website error tidak bisa dijalankan,,,,,,,,
petrisiamn cloudflare down service pakai down tertawa,,,,,,,,
kakmaruf cloudflare vultr diakses routingnya cloudflare,,,,,,,,
cloudflare diserang ddos cyberwar negara konflik negara barat china russia iran,,,,,,,,
libur nasional,,,,,,,,
wayahe bubuk iki cloudflare ngedoownn,,,,,,,,
bangun tidur kerja cloudflare mati senang,,,,,,,,
cloudflare iya klinikatlantis,,,,,,,,
worksfess website pakai cloudflare kabarnya website pakai cdn dns cloudflare down diakses,,,,,,,,
measaura baca hashtag cloudflare down,,,,,,,,
gara-gara cloudflare kayaknya iya tertawa,,,,,,,,
semangat kerja server cloudflare error menggerakan roda kapitalisme,,,,,,,,
collegemenfess cloudflare down kena,,,,,,,,
nyctereutesmnr cloudflare server down down discord tertawa valorant enstars dan lain-lain,,,,,,,,
ambruk kabeh sing nggawe cloudflare wkwkwkwkwk,,,,,,,,
elulavtuber web app error el cloudflare down,,,,,,,,
xx_x__x_xx app cloudflare backed down,,,,,,,,
discord cloudflare trend indonesia iya perasaan aman tidak tahu sih,,,,,,,,
cloudflare internal server error cloudflare error situs novel kayak novelupdate ranobes manga,,,,,,,,
yak efeknyaa situs kena,,,,,,,,
absolute_twice mjarum indihomecare indihome discord error cloudflare nya error website memakai cloudflare error,,,,,,,,
lantip lho punyaku vultr cloudflare cloudflare error mas,,,,,,,,
damn cloudflare down situs langsung kena wkwkwk mantap jiwa,,,,,,,,
wearedmntrs cloudflare menuda liada,,,,,,,,
codingfess cloudflare bermasalah,,,,,,,,
susah mbuka web mojok sabar yak cloudflare kabarnya down informasi layanan masyarakat,,,,,,,,
pakai cloudflare kena kayanya,,,,,,,,
ovo_id cloudflare down gon berpengaruh nang ovo,,,,,,,,
cepat kakak perempuan,,,,,,,,
biznet keren bestpathnya tetep lancar kah cloudflare,,,,,,,,
meletup cloudflare galanya mati mah ajg,,,,,,,,
tinggal bobo yh,,,,,,,,
istirahat siang terima kasih cloudflare,,,,,,,,
cloudflare gg wkwkwk,,,,,,,,
indostransfer piala__presiden cloudflare down web gakbisa,,,,,,,,
cakep cloudflare down situs kena pengaruh,,,,,,,,
wotasepur iya sadar cloudflare trend,,,,,,,,
situs akses gara-gara cloudflare down ngopi ngobrol tetangga eh twitter aman,,,,,,,,
laah beneran cloudflare down web part time diakses discord down disuruh rehat kayanya,,,,,,,,
buluhijau ngecek website pakai cloudflare mas adit,,,,,,,,
iamcontra_ch web pakai layanan cloudflare discord,,,,,,,,
seucarlet gangguan website pakai service cloudflare tidak bisa diakses correct me if i'm wrong tho teman tertawa,,,,,,,,
darklordaziz cloudflare kayaknya,,,,,,,,
cloudflare bermasalah,,,,,,,,
web pakai cloudflare akses,,,,,,,,
mjarum indihomecare indihome discord error cloudflare nya error website memakai cloudflare error,,,,,,,,
mantap langsung down,,,,,,,,
cloudflare down websitenya,,,,,,,,
airaniiofifteen cloudflare down down,,,,,,,,
restart cuba,,,,,,,,
collegemenfess sabar iya nder error website discord dibenerin cloudflare manual powerpoint nder,,,,,,,,
oh cloudflare bnyak down,,,,,,,,
cloudflare down web terkesan,,,,,,,,
onikunach discord sih cloudflare,,,,,,,,
libur developernya tertawa,,,,,,,,
nazel_ryo valo down ryo wkwkwkw login tepatnya cloudflare down,,,,,,,,
pantesan dns tidak bisa aktif,,,,,,,,
kerja aplikasi berbasis cloudflare istirahat tidur siang,,,,,,,,
selamat cloudflare down servicesnya rehat wkwkwkwkwk,,,,,,,,
zarazettirazr iya error buka website pakai jasa cloudflare lancar,,,,,,,,
sandogxx cloudflare bermasalah,,,,,,,,
coba restart modem damar,,,,,,,,
code cloudflare sederhananya ngaruhnya banyaknya web down terima kasih bingung,,,,,,,,
diundur iya gengs server cloudflare down,,,,,,,,
nashrafeeg jinjerbeel cloudflare seedhaa uthurukara,,,,,,,,
dngan cloudflare,,,,,,,,
befourjune walah canva pakai cloudflare iya,,,,,,,,
rutszarshka gfl al ba login koneksi stabil server kena imbas down-nya cloudflare ,,,,,,,,
cloudflare yaa typo maap diseluruh dunia xd,,,,,,,,
buset cloudflare down layanan internet mati,,,,,,,,
redlight cloudflare pokt,,,,,,,,
oalah,,,,,,,,
cloudflare nya down wkwkwkkw,,,,,,,,
gfl al ba login koneksi stabil server kena imbas down-nya cloudflare,,,,,,,,
libur versi it cloudflare down tertawa,,,,,,,,
ayo cloudflare ayo,,,,,,,,
cepat sikit saudara laki-laki,,,,,,,,
cloudflare down bikin males pakai,,,,,,,,
aria_cadenza iya down muaranya cloudflare,,,,,,,,
cloudflare down impactnya iya,,,,,,,,
rblogzip akuitusianu cloudflare down layanan pakai cloudflare down setuju bang,,,,,,,,
cloudflare ccp or russia,,,,,,,,
cloudflare outage affecting asia kayaknya pakai vpn europe diakses walopun lambat,,,,,,,,
hai teman-teman salah penyedia layanan cloudflare down layanan saweria diakses saweria servis discord shopify terimbas mohon sabar menunggu update selanutnya iya,,,,,,,,
graxrock mas kayaknya web pengaruh kah dns cloudflare,,,,,,,,
cloudflare down situs layanan mati,,,,,,,,
cloudflare deh,,,,,,,,
semangat cloudflare down,,,,,,,,
cloudflare down ambyar wkwkwk,,,,,,,,
ms_atiek penyedia layanan down namanya cloudflare pakai website ku,,,,,,,,
iqblprtm iya cuk cek status cloudflare sadis tertawa,,,,,,,,
kasih semangat orangorang cloudflare investigate,,,,,,,,
error discordnya oi providernya cloudflare,,,,,,,,
ah da schau her cloudflare api ist,,,,,,,,
buronanmars riandy_db iyak down cloudflare tertawa,,,,,,,,
royes error cloudflare kayaknya mas web dns masuk cloudflare error,,,,,,,,
gara-gara,,,,,,,,
khalidmeister cloudflare bermasalah pakai cloudflare dns ganti kah,,,,,,,,
biangnya pakai cloudflare kena,,,,,,,,
niguangn wifi misha dnsnya cloudflare iya,,,,,,,,
but nomor worries kena web landingpage service tetep jalan nggk pakai cloudflare,,,,,,,,
presidenkokomi iyakah brarti wifimu dns cloudflare oo,,,,,,,,
cloudflare downkah ei pulang sih siang,,,,,,,,
melekmedia cloudflare cloudflarenya dns cloudflare gangguan,,,,,,,,
codingfess cloudflare do nya down,,,,,,,,
oalah cloudflare,,,,,,,,
cloudflare down tidur siang,,,,,,,,
cloudflare mengalami down siang wib website cloudflare menampilkan pesan internal server error cloudflare down cloudflaredown cloudflarestatus,,,,,,,,
pakai cloudflare kah laut,,,,,,,,
gangguan cloudflare situs mati,,,,,,,,
login genshin down gede rasa cloudflare,,,,,,,,
ruh roh cloudflare,,,,,,,,
cloudflare anjing down layanane su,,,,,,,,
cloudflare down twitter steady,,,,,,,,
oww cloudflare web cloudflare kena waks,,,,,,,,
terujiz genshinnya normal wifimu pakai dns cloudflare iya,,,,,,,,
wanjrit cloudflare iki,,,,,,,,
armanfirsyah kena isu cloudflare wkwkw,,,,,,,,
cloudflare ok dak habis down,,,,,,,,
cloudflare down kabar server pakai cloudflare tertawa,,,,,,,,
kayaknya pakai layanan cloudflare down,,,,,,,,
website apps down punca nya cloudflare,,,,,,,,
cloudflare wkwkw,,,,,,,,
noir_sencai pakai cloudflare kyknya down,,,,,,,,
pickoo cloudflare kayaknya down osu pixiv down,,,,,,,,
zarazettirazr website pakai cloudflare error makai aman,,,,,,,,
eh eh gitlab error cloudflare tertawa,,,,,,,,
pisyek cloudflare time lepak,,,,,,,,
down bagamana,,,,,,,,
pakai dns cloudflare diganti,,,,,,,,
talifia website kantorku pakai cloudflare ikutan panik,,,,,,,,
talifia gara-gara cloudflare down discord ikutan kena,,,,,,,,
cloudflare kena hack kah,,,,,,,,
cloudflare mati wkwkwk,,,,,,,,
juta website diakses cloudflare down,,,,,,,,
web pakai dns cloudflare error,,,,,,,,
gipmeur fwbess bikin kesel deployment lupa matiin cache cloudflare perasaan fix error,,,,,,,,
zufardhiyaulhaq zeinfahrozi ngoprek pakai cloudflare tunnel,,,,,,,,
newsmerahputih serangan mencapai juta permintaan https detik merahputihcom hacker do,,,,,,,,
serangan mencapai juta permintaan https detik merahputihcom hacker do,,,,,,,,
fitur validasi otomatis captcha muncul aplikasi web pengguna mengunjungi website jaringannya pakai cloudflare captcha halaman verifikasi prosesnya otomatis,,,,,,,,
cloudflare mendeteksi memitigasi serangan distributed denial of service ddos klaim terbesar dunia,,,,,,,,
zufardhiyaulhaq wahh timeline setup but use cloudflare tunnel to expose it to the internet gokill,,,,,,,,
kaelakovalskia pakai vpn ela pakai cloudflare app nya pc aman gta kena pakai cloudflare aman iya mempengaruhi jaringan mu,,,,,,,,
cloudflare baru-baru mendeteksi memitigasi serangan distributed denial of service ddos klaim terbesar dunia,,,,,,,,
madtarada makadiaharsh tidaq semenjak cloudflare,,,,,,,,
flohcreative seedoubleyu cloudflare keyword https,,,,,,,,
seedoubleyu cloudflare keyword https,,,,,,,,
iya pakai dns server cloudflare,,,,,,,,
eastdakota cloudflare profitability,,,,,,,,
sarkari,,,,,,,,
akeminekomachi pakai private dns cloudflare google pingnya ok tetep tidak bisa konek dnsnya informasi matkul jaringan komputer,,,,,,,,
buka reddit mesti nyalain dns cloudflare,,,,,,,,
rittzly jzutenma pakai dns cloudflare gitu chrome pakai app tetep vpn sih,,,,,,,,
ip address website wordpress disembunyikan dibalik cloudflare dns bloggerpi,,,,,,,,
atur cloudflare optimal mempercepat mengamankan website wordpress bloggerpi,,,,,,,,
nyadar build time cloudflare pages cepat pas lihat log,,,,,,,,
monsterjeep cloudflare it was tbps in september,,,,,,,,
kirain salah config nginx ku biarin sebulan eh pas iseng-iseng mainin config cloudflare fakultas,,,,,,,,
momen simple action bikin config adguard home ku tinggal ngubah proxy status cloudflare,,,,,,,,
da heran cloudflare kalau begitu heran,,,,,,,,
bandwith indihome pakai ddos source indihomecare internet lemah otak jni,,,,,,,,
fransallen cloudflare life saver web owner budget terbatas aman,,,,,,,,
asn ovh masuk kah block list firewall cloudflare website traffic bot,,,,,,,,
fransallen pakai vercel bagus proxied pakai cloudflare berpengaruh kah performance iya worth it,,,,,,,,
plis cloudflare cloudfront salah ganti nama susah banget bikin lidah kepleset daily stand up,,,,,,,,
cloudflare any data on bps pps at peak,,,,,,,,
cloudflare bilang blognya serangan berasal botnet powerful perangkat node request detik,,,,,,,,
kulimbit_kyo adiellaisy mxrkzn owalah backing up kaget banget kirain set dns cloudflare,,,,,,,,
sebentar private dns cloudflare b.yu lemah otak yaa,,,,,,,,
